{
	"type": "config",
	"id": "conf.service.tvheadend",
	"title": "tvheadend",
	"queryinfo": {
		"xpath": "//services/tvheadend",
		"iterable": false
	},
	"properties": {
		"enable": {
			"type": "boolean",
			"default": 0
		},
		"cycles": {
			"type": "integer",
			"minimum": 1,
			"maximum": 999,
			"default": 6
		},
		"sleep": {
			"type": "integer",
			"minimum": 1,
			"maximum": 9999,
			"default": 180
		},
		"range": {
			"type": "string",
			"default": "2..254"
		},
		"shutdowncommand": {
			"type": "integer",
			"minimum": 0,
			"maximum": 3,
			"default": 0
		},
		"checkclockactive": {
			"type": "boolean",
			"default": false
		},
		"uphours-begin": {
			"type": "integer",
			"minimum": 0,
			"maximum": 23,
			"default": 6
		},
		"uphours-end": {
			"type": "integer",
			"minimum": 0,
			"maximum": 23,
			"default": 20
		},
		"nsocketnumbers": {
			"type": "string",
			"default": "21,22,80,139,445,3689,6991,9091,49152"
		},
		"uldlcheck": {
			"type": "boolean",
			"default": true
		},
		"uldlrate": {
			"type": "integer",
			"minimum": 0,
			"maximum": 65535,
			"default": 50
		},
		"loadaveragecheck": {
			"type": "boolean",
			"default": false
		},
		"loadaverage": {
			"type": "integer",
			"minimum": 0,
			"maximum": 65535,
			"default": 40
		},
		"hddiocheck": {
			"type": "boolean",
			"default": true
		},
		"hddiorate": {
			"type": "integer",
			"minimum": 0,
			"maximum": 65535,
			"default": 401
		},
		"checksamba": {
			"type": "boolean",
			"default": true
		},
		"checkcli": {
			"type": "boolean",
			"default": true
		},
		"syslog": {
			"type": "boolean",
			"default": true
		},
		"verbose": {
			"type": "boolean",
			"default": false
		},
		"fake": {
			"type": "boolean",
			"default": false
		},
		"extraoptions": {
			"type": "string",
			"default": ""
		}
	}
}
